ID,Title,Category,Client_Name,Before_Image,After_Image,Carousel_Images,Metrics_Uplift,Description,Bullet_Points
1,Colsigen Mist - A+ Content & Listing Images,"Listing Images, A+ Content",Colsigen Mist,images/colsigen_before.jpg,images/colsigen_after.jpg,"images/colsigen_after.jpg,images/colsigen_infographic.jpg,images/colsigen_lifestyle.jpg",+42% Conversion Rate,"I design high-converting Amazon listing images and A+ content that help products stand out and sell faster. Features clear, benefit-focused visuals, clean modern layouts, and lifestyle images that build trust.",BENEFIT-FOCUSED VISUALS: Designed to make products stand out and sell faster;CLEAN MODERN LAYOUTS: Optimized structures that hold customer attention;INFOGRAPHICS SPECIFICATIONS: High-impact graphics that simplify complex product features;LIFESTYLE IMAGES: Custom rendered scenes to build emotional brand trust
2,Oasis Pearled Sand Candles - Premium EBC,"A+ Content, Live Projects",Oasis Candles,images/oasis_before.jpg,images/oasis_after.jpg,"images/oasis_after.jpg,images/oasis_features.jpg,images/oasis_lifestyle.jpg",+38% Sales Volume,"Professionally designed Amazon A+ (EBC) content layout for Oasis Pearled Sand Candles. Visuals focus on highlighting product benefits, long burn times, refilling instructions, and an eco-friendly non-toxic luxury aesthetic.","MESS-FREE GRANULATED WAX: Easy to pour wax that turns any container into a candle;ECO-FRIENDLY & NON-TOXIC: Safe, clean-burning plant-based wax formulation;REFILLABLE & REUSABLE: Pour fresh pearls and insert a new wick to reuse infinitely;LONG BURN TIME: High-quality wicks designed for extended clean burning times"
3,Ayaani Sweet Dreams Sleep Aid,"Listing Images, A+ Content",Ayaani,images/ayaani_before.jpg,images/ayaani_after.jpg,"images/ayaani_after.jpg,images/ayaani_infographic.jpg,images/ayaani_lifestyle.jpg",+35% Conversion Rate,"Visually engaging A+ content and listing images for Sleep Aid Supplement. Crafted with calm blue tones reflecting nighttime & relaxation, highlighting ingredients and vegan safety details.","SAY GOODBYE TO SLEEPLESS NIGHTS: Promotes deep restful sleep and helps fall asleep faster;REDUCES STRESS & ANXIETY: Formulated to calm the mind and relax body muscles;HIGH-QUALITY INGREDIENTS: Vegan-friendly, gluten-free, non-GMO, and zero sugar;NO ARTIFICIAL COLORS: Pure clean ingredients with no habit-forming chemicals"
4,Banord Outdoor String Lights EBC,A+ Content,Banord,images/banord_before.jpg,images/banord_after.jpg,"images/banord_after.jpg,images/banord_module1.jpg,images/banord_module2.jpg",+35% Sales Volume,"Premium Amazon A+ Content detailing smart control, dimming features, energy efficiency, and weatherproofing specs for Banord Outdoor S14 String Lights.",SMART BRIGHTNESS CONTROL: Fully dimmable adjustments to set the perfect patio mood;ENERGY EFFICIENT LED: S14 filament LED drawing minimal power while remaining bright;WEATHERPROOF STYLING: Built-in loops and heavy-duty IP65 cord waterproof sockets;VOICE CONTROL COMPATIBLE: Integrates with smart home devices for hands-free operations
5,Zooba Lab Fluoride-Free Toothpaste,"A+ Content, Live Projects",Zooba Lab,images/zooba_before.jpg,images/zooba_after.jpg,"images/zooba_after.jpg,images/zooba_module1.jpg,images/zooba_module2.jpg",+28% Conversion Rate,"Amazon A+ Content layout highlighting natural ingredients, enamel remineralization with Hydroxyapatite, and non-toxic toothpaste benefits.","HYDROXYAPATITE ENRICHED: Remineralizes teeth enamel naturally for total care;FLUORIDE-FREE & NON-TOXIC: 100% safe, clean ingredients without harmful chemicals;VEGAN & ASPARTAME FREE: Gently derived plant ingredients suitable for daily use;ENHANCE HEALTHY SMILE: Cleans and brightens teeth while strengthening oral health"
6,Clinitum OPENEAR Rondo Headphones,Listing Images,Clinitum,images/headphones_before.jpg,images/headphones_after.jpg,"images/headphones_after.jpg,images/headphones_infographic.jpg,images/headphones_lifestyle.jpg",+45% Click-Through Rate,"Modern Amazon listing images emphasizing ergonomic bone conduction sports utility. Focuses on ultra-lightweight portability, Bluetooth 5.2 connectivity, and stable fit.","OPENEAR BONE CONDUCTION: Keep ears open for safe listening during sports and runs;ULTRA-LIGHTWEIGHT 24G: Extremely light, ergonomic band that stays comfortable all day;BLUETOOTH 5.2 CONNECTIVITY: Stable connection, fast transfer speeds, and low power draw;SWEAT & WATER RESISTANT: Durable construction built for intensive workouts and rain"
7,Sombra Premium Hemp Body Cream,"Listing Images, A+ Content, Live Projects",Sombra Skincare,images/hemp_before.jpg,images/thumbnails/sombra-hemp.jpg,images/Sombra Body Cream/ebc/05.jpg,+33% Conversion Rate,"Amazon A+ Content and listing images for Sombra Hemp Body Cream. Focuses on minimal clean layouts, soft lifestyle visuals, and easy-to-scan infographics highlighting hydration and organic botanical benefits.","ULTRA MOISTURIZING CARE: Deep hydration for dry and sensitive skin;HEMP-ENRICHED FORMULA: Powered with organic hemp seed oil and essential botanicals;CLEAN & SAFE: Free from parabens, silicones, harsh chemicals, and artificial fragrances;SMOOTH NON-GREASY TEXTURE: Easy-glide cream formula that absorbs quickly into skin"
8,Self-Control Book: Who's Running the Show?,A+ Content,Linno Freyre,images/selfcontrol_before.jpg,images/selfcontrol_after.jpg,"images/selfcontrol_after.jpg,images/selfcontrol_lifestyle.jpg",+22% Sales Volume,"Amazon A+ Content layout for Linno Freyre's self-help book 'Self-Control: Who's Running the Show?'. Layout highlights emotional mastery, self-discipline steps, and actionable productivity guidelines.","TAKE CHARGE OF YOUR LIFE: Actionable chapters to master emotions and achieve life balance;START ANYTIME PROGRAM: Practical worksheets for mindfulness, focus, and self-improvement;PREMIUM STEP-BY-STEP EDITION: Easy-to-read layout structure built to boost daily productivity;FOCUSED CLEAN TYPOGRAPHY: Enhances credibility and encourages customer conversion"
9,Demure Soap Bar Premium Skincare,"A+ Content, Live Projects",Demure,images/soap_before.jpg,images/soap_after.jpg,"images/Demure Shop Bar/01.jpg,images/Demure Shop Bar/02.jpg,images/Demure Shop Bar/03.jpg,images/Demure Shop Bar/04.jpg,images/Demure Shop Bar/05.jpg,images/Demure Shop Bar/06.jpg",+30% Conversion Rate,"Amazon A+ Content layout for Demure Sulphur & Salicylic Acid Soap Bar. Visuals highlight anti-acne formulation, gentle pore exfoliation, hydration, and antibacterial benefits.","PORE EXFOLIATING ACTION: Gently removes dead skin cells and cleans deep into pores;REDUCES ACNE & BLACKHEADS: Active Sulphur formulation targeted to clear skin blemishes;ANTI-BACTERIAL BAR: Naturally defends against acne-causing bacteria for long-term health;SOOTHING HYDRATION FORMULA: Keeps skin hydrated and reduces post-wash dryness"
10,JUX Freeze Dried Red Onion,A+ Content,JUX Foods,images/onion_before.jpg,images/onion_after.jpg,"images/onion_after.jpg,images/onion_lifestyle.jpg",+26% Conversion Rate,"Conversion-focused A+ content for JUX Freeze Dried Red Onion Pieces. Highlights instant nutrients, 100% natural processing, fuller flavour profile, and everyday usage convenience.","ONE OF YOUR 5-A-DAY: Packed with essential vitamins, nutrients, and antioxidants;100% NATURAL FOODS: Zero preservatives, chemical additives, or artificial colorings;FULLER FLAVOUR PROFILE: Specialized freeze-drying locking in rich flavour and scent;CONVENIENT PREPARATION: Ready to use in everyday recipes without prep or tears"
11,Amer-Ice Ice Cube Trays,A+ Content,Amer-Ice,images/icecubes_before.jpg,images/icecubes_after.jpg,"images/icecubes_after.jpg,images/icecubes_infographic.jpg",+34% Conversion Rate,"Complete 7-module Amazon A+ Content for Amer-Ice Ice Cube Trays. Uses a clean, patriotic red/blue theme highlighting unique state-shaped ice cubes and forever warranty.","PATRIOTIC COLOR COMBINATIONS: 2 trays, 2 lids, and 2 colors (red and blue);FOREVER PARTS WARRANTY: Durable high-quality materials backed by lifetime support;STATE-SHAPED COMPARTMENT RELEASE: Makes ice removal simple and fun;KITCHEN ADVENTURE STYLE: Creative and functional design for home drinks and parties"
12,Ayaani Glutathione & Vitamin C Tablets,Listing Images,Ayaani Skincare,images/gluta_before.jpg,images/thumbnails/ayaani-gluta.jpg,"images/gluta_after.jpg,images/gluta_infographic.jpg,images/gluta_lifestyle.jpg",+45% Conversion Rate,"Designed 9 high-quality Amazon listing images showcasing antioxidant support, skin hydration, and vegan formulation. Visuals include a before/after comparison, ingredient breakdown, certifications, and competitor comparison.","FAST ABSORPTION TABLETS: Effervescent tablets dissolve quickly in water for maximum absorption;RADIANT COMPLEXION BRIGHTENING: Formulated to support skin tone brightness and antioxidant defense;PLANT-BASED & VEGAN COMPLIANT: Non-GMO, gluten-free, sugar-free, and contains zero synthetic fillers;EASY THREE-STEP PROCESS: Drop tablet in water, let it fizz, and drink once daily for healthy skin"
13,Ronson Brand Storefront Custom Design,Storefronts,Ronson,images/placeholder_rect.svg,images/thumbnails/ronson-storefront.jpg,images/ronson-storefront/storefront-artboard.jpg,+40% Brand Traffic,"Premium custom multipage Amazon brand store designed for Ronson luxury lighter accessories. Optimized for high engagement, brand cohesion, and conversion rate optimization.",CUSTOM LAYOUT: Modern minimalist brand shop structure;CROSS-SELLING DESIGN: Encourages multi-item orders and basket size increase;MOBILE OPTIMIZED: Seamless scrolling and checkout experience for phone shoppers
14,STARFIRE Automotive Brand Storefront,Storefronts,STARFIRE,images/placeholder_rect.svg,images/thumbnails/starfire-storefront.jpg,images/starfire-storefront/preview-01.jpg,+35% Cross-Sales,"Custom multipage brand store layout for STARFIRE automotive tools and oil care. Designed with responsive promo tiles, interactive product grids, and structured navigation.","PROMOTIONAL TILES: Drives user attention to active sales and top sellers;MULTIPLE CATEGORIES: Organized tabs for tools, oils, and specialized cleaners;BRAND STORY TELLING: Captures historical authority and customer trust"
15,Blitz Premium Jewelry Cleaner A+ Content,"A+ Content, Live Projects",Blitz,images/blitz/listing/01.jpg,images/thumbnails/blitz-ebc.jpg,images/blitz/ebc/07.jpg,+45% Conversion Rate,"High-impact Amazon listing images and A+ content for Blitz Jewelry Cleaner. Highlighting premium cleaning power, chemical-free safety details, and usage instructions.","CLEANS IN SECONDS: Restores sparkle to gold, silver, and precious stones;GENTLE FORMULATION: Non-toxic chemical-free recipe safe for delicate settings;MULTI-MODULE A+ CONTENT: Highlights product versatility and cross-selling guides;CLEAR USER INSTRUCTIONS: Visual step-by-step cleaning dilution ratios"
16,Pink Pre-Rolled Cones Listing Design,Listing Images,Pink Cones,images/Pink Cones/01.jpg,images/thumbnails/pink-cones.jpg,images/Pink Cones/02.jpg,+30% Sales Volume,"Vibrant and trendy Amazon listing images for premium pink pre-rolled cones. Visuals highlight organic paper quality, slow burn specs, and modern lifestyle aesthetics.","ORGANIC PAPER DETAILS: Highlights clean, slow-burning premium paper;TRENDY LIFESTYLE SCENES: Connects with modern design aesthetic;BENEFIT GRAPHICS: Explains easy-fill cone design for convenience"
17,Moringa Bitters Organic Detox Supplement,Listing Images,Moringa Bitters Listing,images/Moringa Bitters Listing/01.jpg,images/thumbnails/moringa-bitters.jpg,"images/Moringa Bitters Listing/03.jpg,images/Moringa Bitters Listing/01.jpg,images/Moringa Bitters Listing/02.jpg,images/Moringa Bitters Listing/04.jpg,images/Moringa Bitters Listing/05.jpg,images/Moringa Bitters Listing/06.jpg,images/Moringa Bitters Listing/07.jpg,images/Moringa Bitters Listing/08.jpg",+38% Click-Through Rate,"Health-focused Amazon listing images for organic Moringa Bitters detox formula. Emphasizes immune support, digestion benefits, and natural ingredients.",NATURAL INGREDIENTS: Highlights clean herbal formulation;HEALTH BENEFITS GRAPHIC: Easy to scan digestion and detox metrics;CERTIFIED SAFETY DETAILS: Promotes USDA Organic and GMP quality standards
18,Slecon Premium Gun & Reel Care Cloth,Listing Images,Slecon gun and reel cloth,images/Slecon gun and reel cloth/01.jpg,images/thumbnails/slecon-cloth.jpg,images/Slecon gun and reel cloth/03.jpg,+35% Conversion Rate,"Precision Amazon listing images for Slecon gun and fishing reel silicone protective care cloth. Highlights rust prevention, surface polishing, and outdoor gear protection.","SILICONE PROTECTION: Explains barrier coating that prevents rust;VERSATILE POLISHING: Showcases application on firearms, knives, and fishing reels;WEATHERPROOF GUARD: Highlights long-lasting protection against water and salt air"
19,Blitz Jewelry Care Amazon Storefront,Storefronts,Blitz USA,images/placeholder_rect.svg,images/thumbnails/blitz-storefront.jpg,images/blitz-storefront/preview-01.jpg,+48% Brand Traffic,"Custom multipage Amazon Storefront design for Blitz luxury jewelry cleaner and polishing accessories. Designed with dynamic hero banners, categorized sub-pages, and interactive product grids.","DYNAMIC HERO SLIDES: High-impact brand awareness banners;CATEGORIZED PRODUCT TABS: Dedicated tabs for delicate jewelry, cloths, and ultrasonic formulas;MOBILE-FIRST NAVIGATION: Seamless browsing experience optimized for smartphone shoppers;CROSS-SELLING MATRIX: Increases basket value with complementary care kits"
20,Blitz Gem & Jewelry Cleaner Listing Graphics,Listing Images,Blitz,images/placeholder_rect.svg,images/thumbnails/gem-jewelry-listing.jpg,"images/gem-jewelry-cleaner/listing/04.jpg,images/gem-jewelry-cleaner/listing/01.jpg,images/gem-jewelry-cleaner/listing/02.jpg,images/gem-jewelry-cleaner/listing/03.jpg,images/gem-jewelry-cleaner/listing/05.jpg,images/gem-jewelry-cleaner/listing/06.jpg,images/gem-jewelry-cleaner/listing/07.jpg",+42% Conversion Rate,"High-converting Amazon listing images for Blitz Gem & Deluxe Jewelry Cleaner. Highlights dilution ratios, sparkling before & after results, and non-toxic safe ingredients.","SPARKLING RESTORATION: Highlights instant brilliance for gold, silver, and precious gems;NON-TOXIC FORMULA: Safe, chemical-free formulation for delicate jewelry settings;VISUAL DILUTION GUIDE: Easy step-by-step ratio instructions for optimal results;LIFESTYLE INFOGRAPHICS: High-contrast luxury scenes that build customer trust"
21,Blitz Gem & Deluxe Jewelry Cleaner A+ Content,A+ Content,Blitz,images/placeholder_rect.svg,images/thumbnails/gem-jewelry-ebc.jpg,"images/gem-jewelry-cleaner/ebc/04.jpg,images/gem-jewelry-cleaner/ebc/01.jpg,images/gem-jewelry-cleaner/ebc/02.jpg,images/gem-jewelry-cleaner/ebc/03.jpg,images/gem-jewelry-cleaner/ebc/05.jpg,images/gem-jewelry-cleaner/ebc/06.jpg,images/gem-jewelry-cleaner/ebc/07.jpg",+36% Sales Uplift,"Premium 7-module Amazon A+ Content (EBC) architecture for Blitz Gem & Jewelry Cleaner. Visuals feature before/after comparison modules, step-by-step cleaning guides, and cross-sell product comparison charts.",HIGH-CONTRAST HERO BANNER: Grabs immediate buyer attention;STEP-BY-STEP USAGE GUIDE: Enhances product usability and minimizes returns;CROSS-SELL PRODUCT MATRIX: Comparison table driving traffic to larger pack sizes;BEFORE & AFTER DEMONSTRATION: Proven visual results that overcome buyer hesitation
22,Revitin Prebiotic Citrus Toothpaste Listing Images,"Listing Images, Live Projects",Revitin,images/placeholder_rect.svg,images/thumbnails/revitin-listing.jpg,"images/ravitine-citrus/listing/02.jpg,images/ravitine-citrus/listing/01.jpg,images/ravitine-citrus/listing/03.jpg,images/ravitine-citrus/listing/04.jpg,images/ravitine-citrus/listing/05.jpg,images/ravitine-citrus/listing/06.jpg",+39% Click-Through Rate,"Amazon listing images for Revitin Natural Prebiotic Citrus Toothpaste. Highlights oral microbiome support, non-toxic fluoride-free cleaning, and essential vitamin nutrients (C, D, E, K & CoQ10).","PREBIOTIC ORAL MICROBIOME: Supports healthy mouth flora and fresh breath naturally;FLUORIDE-FREE & NON-TOXIC: Safe chemical-free formula powered by organic nutrients;VITAMINS & ESSENTIAL MINERALS: Enriched with Vitamins C, D, E, K, and CoQ10;NATURAL CITRUS TASTE: Refreshing natural citrus flavor without artificial additives"
23,Revitin Prebiotic Citrus Toothpaste A+ Content,"A+ Content, Live Projects",Revitin,images/placeholder_rect.svg,images/thumbnails/revitin-ebc.jpg,"images/ravitine-citrus/ebc/01.jpg,images/ravitine-citrus/ebc/02.jpg,images/ravitine-citrus/ebc/03.jpg,images/ravitine-citrus/ebc/04.jpg,images/ravitine-citrus/ebc/05.jpg,images/ravitine-citrus/ebc/06.jpg,images/ravitine-citrus/ebc/07.jpg",+34% Conversion Rate,"Premium Amazon A+ Content for Revitin Natural Prebiotic Toothpaste. Designed with vibrant citrus lifestyle photography, prebiotic oral care science breakdown, and ingredient comparison modules.","PREBIOTIC TOOTHPASTE BANNER: High-impact hero graphic with citrus fruits and fresh styling;ORAL MICROBIOME SCIENCE: Educational infographic explaining good bacteria balance;CLEAN NUTRIENT BREAKDOWN: Showcases vitamins C, D, E, K, ionic minerals, and CoQ10;RESPONSIVE MOBILE DESIGN: Beautifully proportioned modules for smartphone shoppers"
24,Amenazel Organic Soursop Bitters A+ Content,"A+ Content, Live Projects",Amenazel,images/placeholder_rect.svg,images/thumbnails/soursop-bitters.jpg,"images/soursop-bitters/ebc/01.jpg,images/soursop-bitters/ebc/02.jpg,images/soursop-bitters/ebc/03.jpg,images/soursop-bitters/ebc/04.jpg,images/soursop-bitters/ebc/05.jpg,images/soursop-bitters/ebc/06.jpg,images/soursop-bitters/ebc/07.jpg",+35% Conversion Rate,"Complete 7-module Amazon A+ Content for Amenazel Organic Soursop Bitters herbal detox tonic. Highlights traditional colon cleansing, botanical wellness, and immune boost.","ORGANIC SOURSOP BANNER: Eye-catching natural green herbal visual with whole Graviola fruit;DIGESTION & DETOX REMEDY: Clear callouts for colon cleansing and digestive wellness;21 HERBS & ROOTS FORMULA: Highlights wildcrafted authentic Jamaican botanical blend;100% NATURAL & VEGAN: Zero artificial preservatives, additives, or synthetic colors"
25,Blitz Premium Jewelry Cleaner Listing Images,Listing Images,Blitz,images/placeholder_rect.svg,images/thumbnails/blitz-listing.jpg,"images/blitz/listing/02.jpg,images/blitz/listing/01.jpg,images/blitz/listing/03.jpg,images/blitz/listing/04.jpg,images/blitz/listing/05.jpg,images/blitz/listing/06.jpg,images/blitz/listing/07.jpg",+45% Conversion Rate,"High-impact 7-image Amazon listing optimization stack for Blitz Jewelry Cleaner Concentrate. Features visual dilution guides, non-toxic formulation details, and step-by-step restoration results.","CLEANS IN SECONDS: Restores sparkle to gold, silver, diamonds, and precious gems;VISUAL DILUTION GUIDE: Easy step-by-step ratio instructions for optimal dilution;GENTLE FORMULATION: Non-toxic chemical-free recipe safe for delicate settings;MULTI-USE APPLICATIONS: Highlights ultrasonic machines, dipping trays, and hand washing"
27,Strataderm Scar Therapy Gel Listing Graphics,Listing Images,Strataderm,images/placeholder_rect.svg,images/thumbnails/strataderm-listing.jpg,"images/Strataderm/listing/strataderm/01.jpg,images/Strataderm/listing/strataderm/02.jpg,images/Strataderm/listing/strataderm/03.jpg,images/Strataderm/listing/strataderm/04.jpg,images/Strataderm/listing/strataderm/05.jpg,images/Strataderm/listing/strataderm/06.jpg,images/Strataderm/listing/strataderm/07.jpg,images/Strataderm/listing/strataderm/08.jpg,images/Strataderm/listing/strataderm/09.jpg,images/Strataderm/listing/strataderm/10.jpg",+42% Conversion Rate,"Complete Amazon Listing Images design for Strataderm Scar Therapy Gel. Optimizing key visual callouts, before/after wound healing guides, and active ingredients.","SCAR REDUCTION GEL: Formulated to smooth, soften, and flatten scars;CLINICAL THERAPY INFOGRAPHICS: Detailed medical benefits and application guides;BEFORE & AFTER HEALING: Proven visual results that build customer trust;100% TOS COMPLIANT: Complies fully with Amazon regulatory standards"
28,Stratamed Advanced Wound Dressing Listing Graphics,Listing Images,Stratamed,images/placeholder_rect.svg,images/thumbnails/stratamed-listing.jpg,"images/Strataderm/listing/stratamed/01.jpg,images/Strataderm/listing/stratamed/02.jpg,images/Strataderm/listing/stratamed/03.jpg,images/Strataderm/listing/stratamed/04.jpg,images/Strataderm/listing/stratamed/05.jpg,images/Strataderm/listing/stratamed/06.jpg,images/Strataderm/listing/stratamed/07.jpg,images/Strataderm/listing/stratamed/08.jpg,images/Strataderm/listing/stratamed/10.jpg,images/Strataderm/listing/stratamed/11.jpg",+38% CTR Boost,"Amazon FBA Listing Images designed for Stratamed Advanced Wound Dressing. Highlighting post-procedure wound instructions, skin safety certifications, and visual benefits.","FILM-FORMING DRESSING: Creates protective barrier for quick post-procedure healing;WOUND PROTECTION SCHEMATICS: Visually explains open wound coverage and safety;CLINICAL INSTRUCTIONS: Clear visual dosage and usage guidelines for patients;DERMATOLOGICALLY TESTED: Certified skin-safe formulation backed by medical reviews"
29,StrataMGT Dermatitis Prevention Listing Graphics,Listing Images,StrataMGT,images/placeholder_rect.svg,images/thumbnails/stratamgt-listing.jpg,"images/Strataderm/listing/strataMGT/01.jpg,images/Strataderm/listing/strataMGT/02.jpg,images/Strataderm/listing/strataMGT/03.jpg,images/Strataderm/listing/strataMGT/04.jpg,images/Strataderm/listing/strataMGT/05.jpg,images/Strataderm/listing/strataMGT/06.jpg,images/Strataderm/listing/strataMGT/07.jpg,images/Strataderm/listing/strataMGT/08.jpg",+40% Sales Uplift,"Listing graphics for radiation dermatitis and skin cancer care creams. Emphasizing prevention guidelines, soothing effects, and skin oncology safety certifications.","RADIATION DERMATITIS CARE: Specially formulated for post-radiation skin recovery;ONCOLOGY SAFETY BADGES: Highlights medical certifications and hypoallergenic testing;PREVENTS SKIN IRRITATIONS: Protects dry, compromised skin from chafing and friction;SOOTHING THERAPY SCENES: Visualizing calming relief and hydration benefits"
30,Strataderm Scar Therapy Gel A+ Content,A+ Content,Strataderm,images/placeholder_rect.svg,images/thumbnails/strataderm-ebc.jpg,"images/Strataderm/A+ Content/Stataderm/01.jpg,images/Strataderm/A+ Content/Stataderm/02.jpg,images/Strataderm/A+ Content/Stataderm/03.jpg,images/Strataderm/A+ Content/Stataderm/04.jpg,images/Strataderm/A+ Content/Stataderm/05.jpg,images/Strataderm/A+ Content/Stataderm/06.jpg,images/Strataderm/A+ Content/Stataderm/07.jpg",+35% Conversion Rate,"Custom 7-module Amazon A+ Content layout for Strataderm Scar Therapy Gel. Optimizing product benefit graphics, safety callouts, and clean comparison tables.","PREMIUM SCAR THERAPY: Deep hydration and protection to normalize collagen synthesis;7-MODULE SEAMLESS LAYOUT: Large visual banners establishing brand credibility;CROSS-SELL PRODUCT MATRIX: In-depth comparison chart with other scar products;CLINICAL COMPARISON GRAPHIC: Highlights active ingredient advantages vs. competitors"
31,Stratamed Film-Forming Dressing A+ Content,A+ Content,Stratamed,images/placeholder_rect.svg,images/thumbnails/stratamed-ebc.jpg,"images/Strataderm/A+ Content/Stratamed/01.jpg,images/Strataderm/A+ Content/Stratamed/02.jpg,images/Strataderm/A+ Content/Stratamed/03.jpg,images/Strataderm/A+ Content/Stratamed/04.jpg,images/Strataderm/A+ Content/Stratamed/05.jpg,images/Strataderm/A+ Content/Stratamed/06.jpg,images/Strataderm/A+ Content/Stratamed/07.jpg",+33% Sales Volume,"Advanced Amazon A+ Content modules detailing film-forming dressing properties, medical safety standards, and procedure-specific skincare guides.","ADVANCED FILM DRESSING: Seamless polymer barrier for open wounds and cuts;CLINICAL INSTRUCTIONS GUIDE: Step-by-step application and removal visualizations;PROCEDURE COMPATIBLE CARDS: Details usage after chemical peels, laser, and surgeries;MOBILE OPTIMIZED TILES: High contrast typography perfect for smartphone shoppers"
32,StrataMGT Dermatitis Prevention A+ Content,A+ Content,StrataMGT,images/placeholder_rect.svg,images/thumbnails/stratamgt-ebc.jpg,"images/Strataderm/A+ Content/Strata MGT/01.jpg,images/Strataderm/A+ Content/Strata MGT/02.jpg,images/Strataderm/A+ Content/Strata MGT/03.jpg,images/Strataderm/A+ Content/Strata MGT/04.jpg,images/Strataderm/A+ Content/Strata MGT/05.jpg,images/Strataderm/A+ Content/Strata MGT/06.jpg,images/Strataderm/A+ Content/Strata MGT/07.jpg",+36% Conversion Boost,"Amazon Enhanced Brand Content (EBC) designed for StrataMGT skin oncology cream. Emphasizing clinical protection, comfort relief, and medical credibility modules.","RADIATION RELIEF THERAPY: Prevents and treats radiation-induced dermatitis;ONCOLOGY SAFETY DIRECTIVES: Clinical standards and hypoallergenic certification callouts;CLEAN BOTANICAL STORY: Highlights soothing, non-greasy organic base formula;HIGH-IMPACT A+ GRID: Editorial module design that establishes clinical trust"
33,Zippo Lighter Fuel Step-by-Step Graphic,"Listing Images, Live Projects",Zippo,images/zippo_before.jpg,images/zippo_after.jpg,"images/zippo_after.jpg,images/zippo_before.jpg",+36% Conversion Rate,"Professional Amazon listing infographic redesign for Zippo Lighter Fuel. Replaced flat, static step text with an angled 3D product render, high-contrast circular step highlights, dynamic brand red wave accents, and clean typography.","HIGH-CONTRAST STEP HIGHLIGHTS: Numbered circular step bubbles that guide buyer attention;3D PRODUCT RENDER: Dynamic angled 3D lighter fuel container with photorealistic lighting;BRAND-ALIGNED TYPOGRAPHY: Clean bold fonts in official Zippo red & dark grey tones;REDUCED BUYER FRICTION: Visually explains refill instructions to boost customer confidence"
